CBOE/VXGS,Equity VIX on Goldman Sachs
CBOE/SP500IMPCOR,S&P 500 Implied Correlation Index (Fixed Maturity)
CBOE/OVX,Crude Oil ETF Volatility Index
CBOE/VXAPL,Equity VIX on Apple
CBOE/TOTAL_PC,CBOE Total Exchange Volume and Put-Call Ratios
CBOE/GVZ,Gold ETF Volatility Index
CBOE/VXIBM,Equity VIX on IBM
CBOE/RVX,Russell 2000 Volatility Index
CBOE/EVZ,EuroCurrency ETF Volatility Index
CBOE/VPN,Capped VIX Premium Strategy Index
CBOE/VXGOG,Equity VIX on Google
CBOE/EQUITY_PC,CBOE Equity Volume and Put-Call Ratios
CBOE/VXO,S&P 100 Volatility Index
CBOE/ETP_PC,CBOE Exchange-Traded-Product (ETP) Volume and Put-Call Ratios
CBOE/VIX_PC,CBOE VIX Option Volume and Put-Call Ratios
CBOE/VXD,DJIA Volatility Index
CBOE/SPX_PC,CBOE S&P 500 Index Option Volume and Put-Call Ratios
CBOE/VXV,S&P 3-Month Volatility Index
CBOE/VXN,Nasdaq Volatility Index
CBOE/VPD,VIX Premium Strategy Index
CBOE/VXEEM,Emerging Markets ETF Volatility Index
CBOE/LOVOL,Low Volatility Index
CBOE/SRVX,Interest Rate Swap Volatility Index
CBOE/VVIX,VIX of VIX Index
CBOE/SKEW,S&P 500 SKEW Index
CBOE/VXXLE,Energy Sector ETF Volatility Index
CBOE/VMZ2012,"Volatility Index Mini-VIX Futures, December 2012, VMZ2012"
CBOE/VXM2016,"S&P 500 Volatility Index VIX Futures, June 2016, VXM2016"
CBOE/VMX2013,"Volatility Index Mini-VIX Futures, November 2013, VMX2013"
CBOE/VMQ2013,"Volatility Index Mini-VIX Futures, August 2013, VMQ2013"
CBOE/VXEMK2012,"Emerging Markets Volatility Index Futures, May 2012, VXEMK2012"
CBOE/BXJ2007,"S&P 500 BuyWrite Index Futures (Delisted), April 2007, BXJ2007"
CBOE/JCJ,S&P 500 Implied Correlation Index (Fixed Maturity)
CBOE/VXM2005,"S&P 500 Volatility Index VIX Futures, June 2005, VXM2005"
CBOE/VXQ2005,"S&P 500 Volatility Index VIX Futures, August 2005, VXQ2005"
CBOE/VXF2017,"S&P 500 Volatility Index VIX Futures, January 2017, VXF2017"
CBOE/OVU2014,"Crude Oil Volatility Index Futures, September 2014, OVU2014"
CBOE/VIX,Volatility Index
CBOE/ICJ,S&P 500 Implied Correlation Index (Fixed Maturity)
CBOE/INDEX_PC,CBOE Index Volume and Put-Call Ratios
CBOE/VRK2008,"Russell 2000 Volatility Index Futures (Delisted), May 2008, VRK2008"
CBOE/VRN2008,"Russell 2000 Volatility Index Futures (Delisted), July 2008, VRN2008"
CBOE/VXEWZ,Brazil ETF Volatility Index
CBOE/VXTH,VIX Tail Hedge Index
CBOE/DVM2005,"DJIA Volatility Index Futures (Delisted), June 2005, DVM2005"
CBOE/VXG2014,"S&P 500 Volatility Index VIX Futures, February 2014, VXG2014"
CBOE/DVU2006,"DJIA Volatility Index Futures (Delisted), September 2006, DVU2006"
CBOE/VRJ2008,"Russell 2000 Volatility Index Futures (Delisted), April 2008, VRJ2008"
CBOE/OVH2014,"Crude Oil Volatility Index Futures, March 2014, OVH2014"
CBOE/VXV2013,"S&P 500 Volatility Index VIX Futures, October 2013, VXV2013"
CBOE/EQUITY_PC_ARCHIVE,CBOE Equity Volume and Put-Call Ratios - Archive
CBOE/VXTYQ2015,"10-Year Treasury Note Volatility Index (TYVIX) Futures, August 2015, VXTYQ2015"
CBOE/VXEWU2012,"Brazil Volatility Index Futures, September 2012, VXEWU2012"
CBOE/VXK2008,"S&P 500 Volatility Index VIX Futures, May 2008, VXK2008"
CBOE/KCJ,S&P 500 Implied Correlation Index (Fixed Maturity)
CBOE/VXH2005,"S&P 500 Volatility Index VIX Futures, March 2005, VXH2005"
CBOE/VXN2008,"S&P 500 Volatility Index VIX Futures, July 2008, VXN2008"
CBOE/VNK2008,"Nasdaq-100 Volatility Index VXN Futures, May 2008, VNK2008"
CBOE/OVN2012,"Crude Oil Volatility Index Futures, July 2012, OVN2012"
CBOE/GVQ2013,"Gold Volatility Index Futures, August 2013, GVQ2013"
CBOE/VXM2006,"S&P 500 Volatility Index VIX Futures, June 2006, VXM2006"
CBOE/VMG2010,"Volatility Index Mini-VIX Futures, February 2010, VMG2010"
CBOE/VXX2013,"S&P 500 Volatility Index VIX Futures, November 2013, VXX2013"
CBOE/VNZ2007,"Nasdaq-100 Volatility Index VXN Futures, December 2007, VNZ2007"
CBOE/VXJ2013,"S&P 500 Volatility Index VIX Futures, April 2013, VXJ2013"
CBOE/VNQ2014,"Nasdaq-100 Volatility Index VXN Futures, August 2014, VNQ2014"
CBOE/VMX2011,"Volatility Index Mini-VIX Futures, November 2011, VMX2011"
CBOE/VXEWJ2014,"Brazil Volatility Index Futures, April 2014, VXEWJ2014"
CBOE/VTM2010,"S&P 500 3-Month Variance Futures (Delisted), June 2010, VTM2010"
CBOE/GVM2011,"Gold Volatility Index Futures, June 2011, GVM2011"
CBOE/VAQ2016,"S&P 500 12-Month Variance Futures (Delisted), August 2016, VAQ2016"
CBOE/VXN2012,"S&P 500 Volatility Index VIX Futures, July 2012, VXN2012"
CBOE/VXEMM2013,"Emerging Markets Volatility Index Futures, June 2013, VXEMM2013"
CBOE/VNZ2008,"Nasdaq-100 Volatility Index VXN Futures, December 2008, VNZ2008"
CBOE/VMJ2009,"Volatility Index Mini-VIX Futures, April 2009, VMJ2009"
CBOE/VXEWK2015,"Brazil Volatility Index Futures, May 2015, VXEWK2015"
CBOE/VXZ2013,"S&P 500 Volatility Index VIX Futures, December 2013, VXZ2013"
CBOE/VXJ2009,"S&P 500 Volatility Index VIX Futures, April 2009, VXJ2009"
CBOE/VXM2012,"S&P 500 Volatility Index VIX Futures, June 2012, VXM2012"
CBOE/DVQ2005,"DJIA Volatility Index Futures (Delisted), August 2005, DVQ2005"
CBOE/VNX2007,"Nasdaq-100 Volatility Index VXN Futures, November 2007, VNX2007"
CBOE/VXM2004,"S&P 500 Volatility Index VIX Futures, June 2004, VXM2004"
CBOE/VXEMF2014,"Emerging Markets Volatility Index Futures, January 2014, VXEMF2014"
CBOE/RPXCU2012,"Radar Logic Real Estate Index Futures, September 2012, RPXCU2012"
CBOE/OVJ2014,"Crude Oil Volatility Index Futures, April 2014, OVJ2014"
CBOE/OVM2014,"Crude Oil Volatility Index Futures, June 2014, OVM2014"
CBOE/OVV2014,"Crude Oil Volatility Index Futures, October 2014, OVV2014"
CBOE/GVJ2014,"Gold Volatility Index Futures, April 2014, GVJ2014"
CBOE/BXF2007,"S&P 500 BuyWrite Index Futures (Delisted), January 2007, BXF2007"
CBOE/VXEMJ2012,"Emerging Markets Volatility Index Futures, April 2012, VXEMJ2012"
CBOE/VRU2008,"Russell 2000 Volatility Index Futures (Delisted), September 2008, VRU2008"
CBOE/VXF2009,"S&P 500 Volatility Index VIX Futures, January 2009, VXF2009"
CBOE/GVV2013,"Gold Volatility Index Futures, October 2013, GVV2013"
CBOE/DVK2009,"DJIA Volatility Index Futures (Delisted), May 2009, DVK2009"
CBOE/VXN2013,"S&P 500 Volatility Index VIX Futures, July 2013, VXN2013"
CBOE/VTU2009,"S&P 500 3-Month Variance Futures (Delisted), September 2009, VTU2009"
CBOE/VNN2013,"Nasdaq-100 Volatility Index VXN Futures, July 2013, VNN2013"
CBOE/VRU2007,"Russell 2000 Volatility Index Futures (Delisted), September 2007, VRU2007"
CBOE/VXEWH2013,"Brazil Volatility Index Futures, March 2013, VXEWH2013"
CBOE/VXQ2006,"S&P 500 Volatility Index VIX Futures, August 2006, VXQ2006"
CBOE/VXQ2008,"S&P 500 Volatility Index VIX Futures, August 2008, VXQ2008"
CBOE/VXG2015,"S&P 500 Volatility Index VIX Futures, February 2015, VXG2015"
CBOE/VXZ2015,"S&P 500 Volatility Index VIX Futures, December 2015, VXZ2015"
CBOE/VMK2012,"Volatility Index Mini-VIX Futures, May 2012, VMK2012"
CBOE/BXZ2007,"S&P 500 BuyWrite Index Futures (Delisted), December 2007, BXZ2007"
CBOE/VAU2014,"S&P 500 12-Month Variance Futures (Delisted), September 2014, VAU2014"
CBOE/VAM2015,"S&P 500 12-Month Variance Futures (Delisted), June 2015, VAM2015"
CBOE/BXM2007,"S&P 500 BuyWrite Index Futures (Delisted), June 2007, BXM2007"
CBOE/VAF2014,"S&P 500 12-Month Variance Futures (Delisted), January 2014, VAF2014"
CBOE/VXX2007,"S&P 500 Volatility Index VIX Futures, November 2007, VXX2007"
CBOE/VXTYZ2015,"10-Year Treasury Note Volatility Index (TYVIX) Futures, December 2015, VXTYZ2015"
CBOE/VNH2013,"Nasdaq-100 Volatility Index VXN Futures, March 2013, VNH2013"
CBOE/VXEMQ2012,"Emerging Markets Volatility Index Futures, August 2012, VXEMQ2012"
CBOE/DVJ2007,"DJIA Volatility Index Futures (Delisted), April 2007, DVJ2007"
CBOE/VXX2010,"S&P 500 Volatility Index VIX Futures, November 2010, VXX2010"
CBOE/VXX2004,"S&P 500 Volatility Index VIX Futures, November 2004, VXX2004"
CBOE/VXQ2007,"S&P 500 Volatility Index VIX Futures, August 2007, VXQ2007"
CBOE/RPXCH2017,"Radar Logic Real Estate Index Futures, March 2017, RPXCH2017"
CBOE/VXJ2008,"S&P 500 Volatility Index VIX Futures, April 2008, VXJ2008"
CBOE/VXZ2009,"S&P 500 Volatility Index VIX Futures, December 2009, VXZ2009"
CBOE/VXN2009,"S&P 500 Volatility Index VIX Futures, July 2009, VXN2009"
CBOE/VXN2010,"S&P 500 Volatility Index VIX Futures, July 2010, VXN2010"
CBOE/VXJ2011,"S&P 500 Volatility Index VIX Futures, April 2011, VXJ2011"
CBOE/VXU2016,"S&P 500 Volatility Index VIX Futures, September 2016, VXU2016"
CBOE/VXZ2016,"S&P 500 Volatility Index VIX Futures, December 2016, VXZ2016"
CBOE/VMX2009,"Volatility Index Mini-VIX Futures, November 2009, VMX2009"
CBOE/VMV2012,"Volatility Index Mini-VIX Futures, October 2012, VMV2012"
CBOE/VMM2010,"Volatility Index Mini-VIX Futures, June 2010, VMM2010"
CBOE/VMM2012,"Volatility Index Mini-VIX Futures, June 2012, VMM2012"
CBOE/VNV2014,"Nasdaq-100 Volatility Index VXN Futures, October 2014, VNV2014"
CBOE/OVG2013,"Crude Oil Volatility Index Futures, February 2013, OVG2013"
CBOE/VXEWX2013,"Brazil Volatility Index Futures, November 2013, VXEWX2013"
CBOE/GVH2014,"Gold Volatility Index Futures, March 2014, GVH2014"
CBOE/VTZ2005,"S&P 500 3-Month Variance Futures (Delisted), December 2005, VTZ2005"
CBOE/VTM2009,"S&P 500 3-Month Variance Futures (Delisted), June 2009, VTM2009"
CBOE/VAN2015,"S&P 500 12-Month Variance Futures (Delisted), July 2015, VAN2015"
CBOE/VAV2013,"S&P 500 12-Month Variance Futures (Delisted), October 2013, VAV2013"
CBOE/DVH2006,"DJIA Volatility Index Futures (Delisted), March 2006, DVH2006"
CBOE/DVF2007,"DJIA Volatility Index Futures (Delisted), January 2007, DVF2007"
CBOE/VAG2015,"S&P 500 12-Month Variance Futures (Delisted), February 2015, VAG2015"
CBOE/DVX2005,"DJIA Volatility Index Futures (Delisted), November 2005, DVX2005"
CBOE/VAV2014,"S&P 500 12-Month Variance Futures (Delisted), October 2014, VAV2014"
CBOE/VXG2012,"S&P 500 Volatility Index VIX Futures, February 2012, VXG2012"
CBOE/GVU2011,"Gold Volatility Index Futures, September 2011, GVU2011"
CBOE/VXEMX2013,"Emerging Markets Volatility Index Futures, November 2013, VXEMX2013"
CBOE/VXF2012,"S&P 500 Volatility Index VIX Futures, January 2012, VXF2012"
CBOE/DVJ2008,"DJIA Volatility Index Futures (Delisted), April 2008, DVJ2008"
CBOE/VXEMV2013,"Emerging Markets Volatility Index Futures, October 2013, VXEMV2013"
CBOE/VXH2016,"S&P 500 Volatility Index VIX Futures, March 2016, VXH2016"
CBOE/VXEMQ2013,"Emerging Markets Volatility Index Futures, August 2013, VXEMQ2013"
CBOE/VAU2015,"S&P 500 12-Month Variance Futures (Delisted), September 2015, VAU2015"
CBOE/VXK2005,"S&P 500 Volatility Index VIX Futures, May 2005, VXK2005"
CBOE/VXQ2004,"S&P 500 Volatility Index VIX Futures, August 2004, VXQ2004"
CBOE/VXV2007,"S&P 500 Volatility Index VIX Futures, October 2007, VXV2007"
CBOE/VXG2011,"S&P 500 Volatility Index VIX Futures, February 2011, VXG2011"
CBOE/VXM2009,"S&P 500 Volatility Index VIX Futures, June 2009, VXM2009"
CBOE/VXK2009,"S&P 500 Volatility Index VIX Futures, May 2009, VXK2009"
CBOE/VXEMU2012,"Emerging Markets Volatility Index Futures, September 2012, VXEMU2012"
CBOE/VNG2015,"Nasdaq-100 Volatility Index VXN Futures, February 2015, VNG2015"
CBOE/VRJ2009,"Russell 2000 Volatility Index Futures (Delisted), April 2009, VRJ2009"
CBOE/VXFXI,China ETF Volatility Index
CBOE/COMBINED_PC_ARCHIVE,"CBOE Total, Index and Equity Put-Call Ratios - Archive"
CBOE/VXV2004,"S&P 500 Volatility Index VIX Futures, October 2004, VXV2004"
CBOE/VTH2007,"S&P 500 3-Month Variance Futures (Delisted), March 2007, VTH2007"
CBOE/VXG2006,"S&P 500 Volatility Index VIX Futures, February 2006, VXG2006"
CBOE/VRF2010,"Russell 2000 Volatility Index Futures (Delisted), January 2010, VRF2010"
CBOE/GVH2012,"Gold Volatility Index Futures, March 2012, GVH2012"
CBOE/VMN2011,"Volatility Index Mini-VIX Futures, July 2011, VMN2011"
CBOE/INDEX_PC_ARCHIVE,CBOE Index Volume and Put-Call Ratios - Archive
CBOE/VXEWQ2012,"Brazil Volatility Index Futures, August 2012, VXEWQ2012"
CBOE/TOTAL_PC_ARCHIVE,CBOE Total Exchange Volume and Put-Call Ratios - Archive
CBOE/VXEWU2013,"Brazil Volatility Index Futures, September 2013, VXEWU2013"
CBOE/VXEMX2014,"Emerging Markets Volatility Index Futures, November 2014, VXEMX2014"
CBOE/VMG2013,"Volatility Index Mini-VIX Futures, February 2013, VMG2013"
CBOE/GVJ2013,"Gold Volatility Index Futures, April 2013, GVJ2013"
CBOE/VTH2013,"S&P 500 3-Month Variance Futures (Delisted), March 2013, VTH2013"
CBOE/VXU2015,"S&P 500 Volatility Index VIX Futures, September 2015, VXU2015"
CBOE/GVJ2015,"Gold Volatility Index Futures, April 2015, GVJ2015"
CBOE/VXTYH2016,"10-Year Treasury Note Volatility Index (TYVIX) Futures, March 2016, VXTYH2016"
CBOE/OVZ2014,"Crude Oil Volatility Index Futures, December 2014, OVZ2014"
CBOE/VTU2004,"S&P 500 3-Month Variance Futures (Delisted), September 2004, VTU2004"
CBOE/DVQ2006,"DJIA Volatility Index Futures (Delisted), August 2006, DVQ2006"
CBOE/VXSLV,Silver ETF Volatility Index
CBOE/VXAZN,Equity VIX on Amazon
CBOE/VNZ2014,"Nasdaq-100 Volatility Index VXN Futures, December 2014, VNZ2014"
CBOE/OVF2015,"Crude Oil Volatility Index Futures, January 2015, OVF2015"
CBOE/VNM2013,"Nasdaq-100 Volatility Index VXN Futures, June 2013, VNM2013"
CBOE/VAH2014,"S&P 500 12-Month Variance Futures (Delisted), March 2014, VAH2014"
CBOE/VMG2012,"Volatility Index Mini-VIX Futures, February 2012, VMG2012"
CBOE/VAN2016,"S&P 500 12-Month Variance Futures (Delisted), July 2016, VAN2016"
CBOE/VXV2011,"S&P 500 Volatility Index VIX Futures, October 2011, VXV2011"
CBOE/VXV2012,"S&P 500 Volatility Index VIX Futures, October 2012, VXV2012"
CBOE/VXJ2012,"S&P 500 Volatility Index VIX Futures, April 2012, VXJ2012"
CBOE/VTM2005,"S&P 500 3-Month Variance Futures (Delisted), June 2005, VTM2005"
CBOE/VRG2009,"Russell 2000 Volatility Index Futures (Delisted), February 2009, VRG2009"
CBOE/VXEWM2013,"Brazil Volatility Index Futures, June 2013, VXEWM2013"
CBOE/VXEWF2015,"Brazil Volatility Index Futures, January 2015, VXEWF2015"
CBOE/VAJ2015,"S&P 500 12-Month Variance Futures (Delisted), April 2015, VAJ2015"
CBOE/VXEMH2013,"Emerging Markets Volatility Index Futures, March 2013, VXEMH2013"
CBOE/VXEMH2014,"Emerging Markets Volatility Index Futures, March 2014, VXEMH2014"
CBOE/DVN2007,"DJIA Volatility Index Futures (Delisted), July 2007, DVN2007"
CBOE/VXM2015,"S&P 500 Volatility Index VIX Futures, June 2015, VXM2015"
CBOE/VNG2014,"Nasdaq-100 Volatility Index VXN Futures, February 2014, VNG2014"
CBOE/VXEMG2015,"Emerging Markets Volatility Index Futures, February 2015, VXEMG2015"
CBOE/DVG2009,"DJIA Volatility Index Futures (Delisted), February 2009, DVG2009"
CBOE/VXX2015,"S&P 500 Volatility Index VIX Futures, November 2015, VXX2015"
CBOE/VXX2005,"S&P 500 Volatility Index VIX Futures, November 2005, VXX2005"
CBOE/OVK2012,"Crude Oil Volatility Index Futures, May 2012, OVK2012"
CBOE/VXK2013,"S&P 500 Volatility Index VIX Futures, May 2013, VXK2013"
CBOE/VXEWK2014,"Brazil Volatility Index Futures, May 2014, VXEWK2014"
CBOE/VXEWG2015,"Brazil Volatility Index Futures, February 2015, VXEWG2015"
CBOE/DVK2008,"DJIA Volatility Index Futures (Delisted), May 2008, DVK2008"
CBOE/VTK2008,"S&P 500 3-Month Variance Futures (Delisted), May 2008, VTK2008"
CBOE/VXEMJ2014,"Emerging Markets Volatility Index Futures, April 2014, VXEMJ2014"
CBOE/GVJ2012,"Gold Volatility Index Futures, April 2012, GVJ2012"
CBOE/VXG2016,"S&P 500 Volatility Index VIX Futures, February 2016, VXG2016"
CBOE/OVV2012,"Crude Oil Volatility Index Futures, October 2012, OVV2012"
CBOE/GVZ2013,"Gold Volatility Index Futures, December 2013, GVZ2013"
CBOE/VXN2004,"S&P 500 Volatility Index VIX Futures, July 2004, VXN2004"
CBOE/VTU2008,"S&P 500 3-Month Variance Futures (Delisted), September 2008, VTU2008"
CBOE/OVX2012,"Crude Oil Volatility Index Futures, November 2012, OVX2012"
CBOE/VTZ2007,"S&P 500 3-Month Variance Futures (Delisted), December 2007, VTZ2007"
CBOE/VXF2006,"S&P 500 Volatility Index VIX Futures, January 2006, VXF2006"
CBOE/VTZ2012,"S&P 500 3-Month Variance Futures (Delisted), December 2012, VTZ2012"
CBOE/BXQ2007,"S&P 500 BuyWrite Index Futures (Delisted), August 2007, BXQ2007"
CBOE/VNQ2007,"Nasdaq-100 Volatility Index VXN Futures, August 2007, VNQ2007"
CBOE/VMM2013,"Volatility Index Mini-VIX Futures, June 2013, VMM2013"
CBOE/VMV2011,"Volatility Index Mini-VIX Futures, October 2011, VMV2011"
CBOE/VMX2010,"Volatility Index Mini-VIX Futures, November 2010, VMX2010"
CBOE/VXEMZ2013,"Emerging Markets Volatility Index Futures, December 2013, VXEMZ2013"
CBOE/VXTYF2016,"10-Year Treasury Note Volatility Index (TYVIX) Futures, January 2016, VXTYF2016"
CBOE/VXV2010,"S&P 500 Volatility Index VIX Futures, October 2010, VXV2010"
CBOE/VTV2008,"S&P 500 3-Month Variance Futures (Delisted), October 2008, VTV2008"
CBOE/VMF2010,"Volatility Index Mini-VIX Futures, January 2010, VMF2010"
CBOE/VXJ2014,"S&P 500 Volatility Index VIX Futures, April 2014, VXJ2014"
CBOE/VRZ2008,"Russell 2000 Volatility Index Futures (Delisted), December 2008, VRZ2008"
CBOE/VAQ2013,"S&P 500 12-Month Variance Futures (Delisted), August 2013, VAQ2013"
CBOE/VXQ2011,"S&P 500 Volatility Index VIX Futures, August 2011, VXQ2011"
CBOE/VMN2010,"Volatility Index Mini-VIX Futures, July 2010, VMN2010"
CBOE/VMQ2010,"Volatility Index Mini-VIX Futures, August 2010, VMQ2010"
CBOE/OVV2013,"Crude Oil Volatility Index Futures, October 2013, OVV2013"
CBOE/VXK2011,"S&P 500 Volatility Index VIX Futures, May 2011, VXK2011"
CBOE/VTH2012,"S&P 500 3-Month Variance Futures (Delisted), March 2012, VTH2012"
CBOE/OVZ2013,"Crude Oil Volatility Index Futures, December 2013, OVZ2013"
CBOE/DVQ2007,"DJIA Volatility Index Futures (Delisted), August 2007, DVQ2007"
CBOE/VXZ2005,"S&P 500 Volatility Index VIX Futures, December 2005, VXZ2005"
CBOE/VXF2010,"S&P 500 Volatility Index VIX Futures, January 2010, VXF2010"
CBOE/VXV2009,"S&P 500 Volatility Index VIX Futures, October 2009, VXV2009"
CBOE/VXH2010,"S&P 500 Volatility Index VIX Futures, March 2010, VXH2010"
CBOE/VXTYG2015,"10-Year Treasury Note Volatility Index (TYVIX) Futures, February 2015, VXTYG2015"
CBOE/VNH2015,"Nasdaq-100 Volatility Index VXN Futures, March 2015, VNH2015"
CBOE/VXEWU2014,"Brazil Volatility Index Futures, September 2014, VXEWU2014"
CBOE/VTH2008,"S&P 500 3-Month Variance Futures (Delisted), March 2008, VTH2008"
CBOE/OVK2015,"Crude Oil Volatility Index Futures, May 2015, OVK2015"
CBOE/DVV2008,"DJIA Volatility Index Futures (Delisted), October 2008, DVV2008"
CBOE/OVF2014,"Crude Oil Volatility Index Futures, January 2014, OVF2014"
CBOE/VMH2010,"Volatility Index Mini-VIX Futures, March 2010, VMH2010"
CBOE/VMU2010,"Volatility Index Mini-VIX Futures, September 2010, VMU2010"
CBOE/DVH2008,"DJIA Volatility Index Futures (Delisted), March 2008, DVH2008"
CBOE/GVQ2012,"Gold Volatility Index Futures, August 2012, GVQ2012"
CBOE/VXTYN2016,"10-Year Treasury Note Volatility Index (TYVIX) Futures, July 2016, VXTYN2016"
CBOE/RPXCU2016,"Radar Logic Real Estate Index Futures, September 2016, RPXCU2016"
CBOE/VXTYV2015,"10-Year Treasury Note Volatility Index (TYVIX) Futures, October 2015, VXTYV2015"
CBOE/VMQ2012,"Volatility Index Mini-VIX Futures, August 2012, VMQ2012"
CBOE/VMG2011,"Volatility Index Mini-VIX Futures, February 2011, VMG2011"
CBOE/GVM2012,"Gold Volatility Index Futures, June 2012, GVM2012"
CBOE/VXEMU2014,"Emerging Markets Volatility Index Futures, September 2014, VXEMU2014"
CBOE/OVJ2015,"Crude Oil Volatility Index Futures, April 2015, OVJ2015"
CBOE/VTM2012,"S&P 500 3-Month Variance Futures (Delisted), June 2012, VTM2012"
CBOE/DVU2008,"DJIA Volatility Index Futures (Delisted), September 2008, DVU2008"
CBOE/DVJ2009,"DJIA Volatility Index Futures (Delisted), April 2009, DVJ2009"
CBOE/VRG2010,"Russell 2000 Volatility Index Futures (Delisted), February 2010, VRG2010"
CBOE/DVM2009,"DJIA Volatility Index Futures (Delisted), June 2009, DVM2009"
CBOE/DVH2007,"DJIA Volatility Index Futures (Delisted), March 2007, DVH2007"
CBOE/VXTYG2016,"10-Year Treasury Note Volatility Index (TYVIX) Futures, February 2016, VXTYG2016"
CBOE/VTZ2011,"S&P 500 3-Month Variance Futures (Delisted), December 2011, VTZ2011"
CBOE/VNK2009,"Nasdaq-100 Volatility Index VXN Futures, May 2009, VNK2009"
CBOE/VTM2011,"S&P 500 3-Month Variance Futures (Delisted), June 2011, VTM2011"
CBOE/VXU2011,"S&P 500 Volatility Index VIX Futures, September 2011, VXU2011"
CBOE/VNX2012,"Nasdaq-100 Volatility Index VXN Futures, November 2012, VNX2012"
CBOE/VXH2011,"S&P 500 Volatility Index VIX Futures, March 2011, VXH2011"
CBOE/VMF2013,"Volatility Index Mini-VIX Futures, January 2013, VMF2013"
CBOE/RPXCH2015,"Radar Logic Real Estate Index Futures, March 2015, RPXCH2015"
CBOE/GVK2015,"Gold Volatility Index Futures, May 2015, GVK2015"
CBOE/VMX2012,"Volatility Index Mini-VIX Futures, November 2012, VMX2012"
CBOE/GVX2014,"Gold Volatility Index Futures, November 2014, GVX2014"
CBOE/VTU2012,"S&P 500 3-Month Variance Futures (Delisted), September 2012, VTU2012"
CBOE/VXG2009,"S&P 500 Volatility Index VIX Futures, February 2009, VXG2009"
CBOE/VAH2013,"S&P 500 12-Month Variance Futures (Delisted), March 2013, VAH2013"
CBOE/VAX2013,"S&P 500 12-Month Variance Futures (Delisted), November 2013, VAX2013"
CBOE/VAM2014,"S&P 500 12-Month Variance Futures (Delisted), June 2014, VAM2014"
CBOE/VAK2014,"S&P 500 12-Month Variance Futures (Delisted), May 2014, VAK2014"
CBOE/VAQ2015,"S&P 500 12-Month Variance Futures (Delisted), August 2015, VAQ2015"
CBOE/VAH2015,"S&P 500 12-Month Variance Futures (Delisted), March 2015, VAH2015"
CBOE/DVZ2005,"DJIA Volatility Index Futures (Delisted), December 2005, DVZ2005"
CBOE/DVU2007,"DJIA Volatility Index Futures (Delisted), September 2007, DVU2007"
CBOE/DVH2009,"DJIA Volatility Index Futures (Delisted), March 2009, DVH2009"
CBOE/DVZ2008,"DJIA Volatility Index Futures (Delisted), December 2008, DVZ2008"
CBOE/DVF2009,"DJIA Volatility Index Futures (Delisted), January 2009, DVF2009"
CBOE/DVZ2009,"DJIA Volatility Index Futures (Delisted), December 2009, DVZ2009"
CBOE/VXM2007,"S&P 500 Volatility Index VIX Futures, June 2007, VXM2007"
CBOE/VXZ2011,"S&P 500 Volatility Index VIX Futures, December 2011, VXZ2011"
CBOE/VXJ2016,"S&P 500 Volatility Index VIX Futures, April 2016, VXJ2016"
CBOE/VMZ2009,"Volatility Index Mini-VIX Futures, December 2009, VMZ2009"
CBOE/VMH2012,"Volatility Index Mini-VIX Futures, March 2012, VMH2012"
CBOE/VNU2007,"Nasdaq-100 Volatility Index VXN Futures, September 2007, VNU2007"
CBOE/VNV2007,"Nasdaq-100 Volatility Index VXN Futures, October 2007, VNV2007"
CBOE/VNM2008,"Nasdaq-100 Volatility Index VXN Futures, June 2008, VNM2008"
CBOE/VNJ2008,"Nasdaq-100 Volatility Index VXN Futures, April 2008, VNJ2008"
CBOE/VNU2008,"Nasdaq-100 Volatility Index VXN Futures, September 2008, VNU2008"
CBOE/VNV2012,"Nasdaq-100 Volatility Index VXN Futures, October 2012, VNV2012"
CBOE/VXEMZ2012,"Emerging Markets Volatility Index Futures, December 2012, VXEMZ2012"
CBOE/VXEMM2014,"Emerging Markets Volatility Index Futures, June 2014, VXEMM2014"
CBOE/VXEWM2012,"Brazil Volatility Index Futures, June 2012, VXEWM2012"
CBOE/VXEWV2012,"Brazil Volatility Index Futures, October 2012, VXEWV2012"
CBOE/VXEWZ2012,"Brazil Volatility Index Futures, December 2012, VXEWZ2012"
CBOE/GVH2013,"Gold Volatility Index Futures, March 2013, GVH2013"
CBOE/GVM2013,"Gold Volatility Index Futures, June 2013, GVM2013"
CBOE/GVX2013,"Gold Volatility Index Futures, November 2013, GVX2013"
CBOE/GVF2014,"Gold Volatility Index Futures, January 2014, GVF2014"
CBOE/GVZ2014,"Gold Volatility Index Futures, December 2014, GVZ2014"
CBOE/OVQ2012,"Crude Oil Volatility Index Futures, August 2012, OVQ2012"
CBOE/OVM2013,"Crude Oil Volatility Index Futures, June 2013, OVM2013"
CBOE/OVG2014,"Crude Oil Volatility Index Futures, February 2014, OVG2014"
CBOE/RPXCH2013,"Radar Logic Real Estate Index Futures, March 2013, RPXCH2013"
CBOE/VTH2009,"S&P 500 3-Month Variance Futures (Delisted), March 2009, VTH2009"
CBOE/BXN2007,"S&P 500 BuyWrite Index Futures (Delisted), July 2007, BXN2007"
CBOE/BXH2008,"S&P 500 BuyWrite Index Futures (Delisted), March 2008, BXH2008"
CBOE/VRX2008,"Russell 2000 Volatility Index Futures (Delisted), November 2008, VRX2008"
CBOE/OVU2013,"Crude Oil Volatility Index Futures, September 2013, OVU2013"
CBOE/VXX2012,"S&P 500 Volatility Index VIX Futures, November 2012, VXX2012"
CBOE/VXM2014,"S&P 500 Volatility Index VIX Futures, June 2014, VXM2014"
CBOE/VXV2015,"S&P 500 Volatility Index VIX Futures, October 2015, VXV2015"
CBOE/VXF2016,"S&P 500 Volatility Index VIX Futures, January 2016, VXF2016"
CBOE/VMZ2010,"Volatility Index Mini-VIX Futures, December 2010, VMZ2010"
CBOE/GVX2012,"Gold Volatility Index Futures, November 2012, GVX2012"
CBOE/GVG2015,"Gold Volatility Index Futures, February 2015, GVG2015"
CBOE/VTZ2010,"S&P 500 3-Month Variance Futures (Delisted), December 2010, VTZ2010"
CBOE/BXU2007,"S&P 500 BuyWrite Index Futures (Delisted), September 2007, BXU2007"
CBOE/VAJ2016,"S&P 500 12-Month Variance Futures (Delisted), April 2016, VAJ2016"
CBOE/VAK2016,"S&P 500 12-Month Variance Futures (Delisted), May 2016, VAK2016"
CBOE/VAZ2016,"S&P 500 12-Month Variance Futures (Delisted), December 2016, VAZ2016"
CBOE/DVM2007,"DJIA Volatility Index Futures (Delisted), June 2007, DVM2007"
CBOE/DVX2009,"DJIA Volatility Index Futures (Delisted), November 2009, DVX2009"
CBOE/VXK2006,"S&P 500 Volatility Index VIX Futures, May 2006, VXK2006"
CBOE/VXU2007,"S&P 500 Volatility Index VIX Futures, September 2007, VXU2007"
CBOE/VXZ2008,"S&P 500 Volatility Index VIX Futures, December 2008, VXZ2008"
CBOE/VXF2013,"S&P 500 Volatility Index VIX Futures, January 2013, VXF2013"
CBOE/VXH2013,"S&P 500 Volatility Index VIX Futures, March 2013, VXH2013"
CBOE/VXZ2014,"S&P 500 Volatility Index VIX Futures, December 2014, VXZ2014"
CBOE/VXK2016,"S&P 500 Volatility Index VIX Futures, May 2016, VXK2016"
CBOE/VXV2016,"S&P 500 Volatility Index VIX Futures, October 2016, VXV2016"
CBOE/VXN2016,"S&P 500 Volatility Index VIX Futures, July 2016, VXN2016"
CBOE/VMQ2009,"Volatility Index Mini-VIX Futures, August 2009, VMQ2009"
CBOE/VMU2013,"Volatility Index Mini-VIX Futures, September 2013, VMU2013"
CBOE/VNX2008,"Nasdaq-100 Volatility Index VXN Futures, November 2008, VNX2008"
CBOE/VNG2009,"Nasdaq-100 Volatility Index VXN Futures, February 2009, VNG2009"
CBOE/VNX2013,"Nasdaq-100 Volatility Index VXN Futures, November 2013, VNX2013"
CBOE/VNJ2014,"Nasdaq-100 Volatility Index VXN Futures, April 2014, VNJ2014"
CBOE/VNU2014,"Nasdaq-100 Volatility Index VXN Futures, September 2014, VNU2014"
CBOE/VNN2014,"Nasdaq-100 Volatility Index VXN Futures, July 2014, VNN2014"
CBOE/VNK2015,"Nasdaq-100 Volatility Index VXN Futures, May 2015, VNK2015"
CBOE/VXEMG2013,"Emerging Markets Volatility Index Futures, February 2013, VXEMG2013"
CBOE/VXEMF2013,"Emerging Markets Volatility Index Futures, January 2013, VXEMF2013"
CBOE/VXEWG2013,"Brazil Volatility Index Futures, February 2013, VXEWG2013"
CBOE/VXEMN2014,"Emerging Markets Volatility Index Futures, July 2014, VXEMN2014"
CBOE/VXEMZ2014,"Emerging Markets Volatility Index Futures, December 2014, VXEMZ2014"
CBOE/GVG2013,"Gold Volatility Index Futures, February 2013, GVG2013"
CBOE/OVJ2013,"Crude Oil Volatility Index Futures, April 2013, OVJ2013"
CBOE/OVX2013,"Crude Oil Volatility Index Futures, November 2013, OVX2013"
CBOE/VTZ2008,"S&P 500 3-Month Variance Futures (Delisted), December 2008, VTZ2008"
CBOE/VAX2014,"S&P 500 12-Month Variance Futures (Delisted), November 2014, VAX2014"
CBOE/VTZ2009,"S&P 500 3-Month Variance Futures (Delisted), December 2009, VTZ2009"
CBOE/VRZ2009,"Russell 2000 Volatility Index Futures (Delisted), December 2009, VRZ2009"
CBOE/VAG2013,"S&P 500 12-Month Variance Futures (Delisted), February 2013, VAG2013"
CBOE/VAF2013,"S&P 500 12-Month Variance Futures (Delisted), January 2013, VAF2013"
CBOE/VAG2014,"S&P 500 12-Month Variance Futures (Delisted), February 2014, VAG2014"
CBOE/DVX2008,"DJIA Volatility Index Futures (Delisted), November 2008, DVX2008"
CBOE/VAN2014,"S&P 500 12-Month Variance Futures (Delisted), July 2014, VAN2014"
CBOE/DVU2009,"DJIA Volatility Index Futures (Delisted), September 2009, DVU2009"
CBOE/VAF2016,"S&P 500 12-Month Variance Futures (Delisted), January 2016, VAF2016"
CBOE/VAH2017,"S&P 500 12-Month Variance Futures (Delisted), March 2017, VAH2017"
CBOE/VAZ2015,"S&P 500 12-Month Variance Futures (Delisted), December 2015, VAZ2015"
CBOE/DVZ2007,"DJIA Volatility Index Futures (Delisted), December 2007, DVZ2007"
CBOE/DVG2007,"DJIA Volatility Index Futures (Delisted), February 2007, DVG2007"
CBOE/VNQ2008,"Nasdaq-100 Volatility Index VXN Futures, August 2008, VNQ2008"
CBOE/VRH2008,"Russell 2000 Volatility Index Futures (Delisted), March 2008, VRH2008"
CBOE/VNU2012,"Nasdaq-100 Volatility Index VXN Futures, September 2012, VNU2012"
CBOE/VXEWQ2013,"Brazil Volatility Index Futures, August 2013, VXEWQ2013"
CBOE/VXEWF2014,"Brazil Volatility Index Futures, January 2014, VXEWF2014"
CBOE/VAU2016,"S&P 500 12-Month Variance Futures (Delisted), September 2016, VAU2016"
CBOE/VXX2011,"S&P 500 Volatility Index VIX Futures, November 2011, VXX2011"
CBOE/VNQ2012,"Nasdaq-100 Volatility Index VXN Futures, August 2012, VNQ2012"
CBOE/GVK2013,"Gold Volatility Index Futures, May 2013, GVK2013"
CBOE/VXG2008,"S&P 500 Volatility Index VIX Futures, February 2008, VXG2008"
CBOE/VMJ2010,"Volatility Index Mini-VIX Futures, April 2010, VMJ2010"
CBOE/VTM2006,"S&P 500 3-Month Variance Futures (Delisted), June 2006, VTM2006"
CBOE/VXH2014,"S&P 500 Volatility Index VIX Futures, March 2014, VXH2014"
CBOE/GVX2011,"Gold Volatility Index Futures, November 2011, GVX2011"
CBOE/VNK2014,"Nasdaq-100 Volatility Index VXN Futures, May 2014, VNK2014"
CBOE/VXEMV2012,"Emerging Markets Volatility Index Futures, October 2012, VXEMV2012"
CBOE/VRU2009,"Russell 2000 Volatility Index Futures (Delisted), September 2009, VRU2009"
CBOE/GVG2014,"Gold Volatility Index Futures, February 2014, GVG2014"
CBOE/OVK2013,"Crude Oil Volatility Index Futures, May 2013, OVK2013"
CBOE/DVK2006,"DJIA Volatility Index Futures (Delisted), May 2006, DVK2006"
CBOE/DVN2008,"DJIA Volatility Index Futures (Delisted), July 2008, DVN2008"
CBOE/VXV2008,"S&P 500 Volatility Index VIX Futures, October 2008, VXV2008"
CBOE/OVN2013,"Crude Oil Volatility Index Futures, July 2013, OVN2013"
CBOE/VXF2008,"S&P 500 Volatility Index VIX Futures, January 2008, VXF2008"
CBOE/VMV2010,"Volatility Index Mini-VIX Futures, October 2010, VMV2010"
CBOE/VTM2007,"S&P 500 3-Month Variance Futures (Delisted), June 2007, VTM2007"
CBOE/VRV2007,"Russell 2000 Volatility Index Futures (Delisted), October 2007, VRV2007"
CBOE/GVQ2014,"Gold Volatility Index Futures, August 2014, GVQ2014"
CBOE/VRQ2007,"Russell 2000 Volatility Index Futures (Delisted), August 2007, VRQ2007"
CBOE/VMH2009,"Volatility Index Mini-VIX Futures, March 2009, VMH2009"
CBOE/VMF2011,"Volatility Index Mini-VIX Futures, January 2011, VMF2011"
CBOE/VAM2017,"S&P 500 12-Month Variance Futures (Delisted), June 2017, VAM2017"
CBOE/VAJ2014,"S&P 500 12-Month Variance Futures (Delisted), April 2014, VAJ2014"
CBOE/VAX2015,"S&P 500 12-Month Variance Futures (Delisted), November 2015, VAX2015"
CBOE/VMM2011,"Volatility Index Mini-VIX Futures, June 2011, VMM2011"
CBOE/VAF2015,"S&P 500 12-Month Variance Futures (Delisted), January 2015, VAF2015"
CBOE/VXM2008,"S&P 500 Volatility Index VIX Futures, June 2008, VXM2008"
CBOE/VXK2014,"S&P 500 Volatility Index VIX Futures, May 2014, VXK2014"
CBOE/DVM2008,"DJIA Volatility Index Futures (Delisted), June 2008, DVM2008"
CBOE/VMN2012,"Volatility Index Mini-VIX Futures, July 2012, VMN2012"
CBOE/VAM2013,"S&P 500 12-Month Variance Futures (Delisted), June 2013, VAM2013"
CBOE/OVN2014,"Crude Oil Volatility Index Futures, July 2014, OVN2014"
CBOE/VXTYH2015,"10-Year Treasury Note Volatility Index (TYVIX) Futures, March 2015, VXTYH2015"
CBOE/OVK2014,"Crude Oil Volatility Index Futures, May 2014, OVK2014"
CBOE/VXF2015,"S&P 500 Volatility Index VIX Futures, January 2015, VXF2015"
CBOE/RPXCU2013,"Radar Logic Real Estate Index Futures, September 2013, RPXCU2013"
CBOE/VAV2015,"S&P 500 12-Month Variance Futures (Delisted), October 2015, VAV2015"
CBOE/VXZ2010,"S&P 500 Volatility Index VIX Futures, December 2010, VXZ2010"
CBOE/VXQ2010,"S&P 500 Volatility Index VIX Futures, August 2010, VXQ2010"
CBOE/VXEWN2012,"Brazil Volatility Index Futures, July 2012, VXEWN2012"
CBOE/VXM2013,"S&P 500 Volatility Index VIX Futures, June 2013, VXM2013"
CBOE/VXQ2015,"S&P 500 Volatility Index VIX Futures, August 2015, VXQ2015"
CBOE/VNX2014,"Nasdaq-100 Volatility Index VXN Futures, November 2014, VNX2014"
CBOE/VXEWH2014,"Brazil Volatility Index Futures, March 2014, VXEWH2014"
CBOE/OVJ2012,"Crude Oil Volatility Index Futures, April 2012, OVJ2012"
CBOE/OVG2015,"Crude Oil Volatility Index Futures, February 2015, OVG2015"
CBOE/VTZ2006,"S&P 500 3-Month Variance Futures (Delisted), December 2006, VTZ2006"
CBOE/VXTYM2016,"10-Year Treasury Note Volatility Index (TYVIX) Futures, June 2016, VXTYM2016"
CBOE/VNK2013,"Nasdaq-100 Volatility Index VXN Futures, May 2013, VNK2013"
CBOE/VXTYK2016,"10-Year Treasury Note Volatility Index (TYVIX) Futures, May 2016, VXTYK2016"
CBOE/GVZ2012,"Gold Volatility Index Futures, December 2012, GVZ2012"
CBOE/VXTYJ2015,"10-Year Treasury Note Volatility Index (TYVIX) Futures, April 2015, VXTYJ2015"
CBOE/VTH2006,"S&P 500 3-Month Variance Futures (Delisted), March 2006, VTH2006"
CBOE/VXF2005,"S&P 500 Volatility Index VIX Futures, January 2005, VXF2005"
CBOE/VXU2012,"S&P 500 Volatility Index VIX Futures, September 2012, VXU2012"
CBOE/VMZ2013,"Volatility Index Mini-VIX Futures, December 2013, VMZ2013"
CBOE/VMH2013,"Volatility Index Mini-VIX Futures, March 2013, VMH2013"
CBOE/GVK2012,"Gold Volatility Index Futures, May 2012, GVK2012"
CBOE/VXK2007,"S&P 500 Volatility Index VIX Futures, May 2007, VXK2007"
CBOE/VRN2009,"Russell 2000 Volatility Index Futures (Delisted), July 2009, VRN2009"
CBOE/VAU2013,"S&P 500 12-Month Variance Futures (Delisted), September 2013, VAU2013"
CBOE/GVU2014,"Gold Volatility Index Futures, September 2014, GVU2014"
CBOE/VAG2016,"S&P 500 12-Month Variance Futures (Delisted), February 2016, VAG2016"
CBOE/VXH2008,"S&P 500 Volatility Index VIX Futures, March 2008, VXH2008"
CBOE/VMF2014,"Volatility Index Mini-VIX Futures, January 2014, VMF2014"
CBOE/VAF2017,"S&P 500 12-Month Variance Futures (Delisted), January 2017, VAF2017"
CBOE/VMV2009,"Volatility Index Mini-VIX Futures, October 2009, VMV2009"
CBOE/VXU2004,"S&P 500 Volatility Index VIX Futures, September 2004, VXU2004"
CBOE/VXU2009,"S&P 500 Volatility Index VIX Futures, September 2009, VXU2009"
CBOE/VXEWK2013,"Brazil Volatility Index Futures, May 2013, VXEWK2013"
CBOE/VXEWZ2014,"Brazil Volatility Index Futures, December 2014, VXEWZ2014"
CBOE/GVF2015,"Gold Volatility Index Futures, January 2015, GVF2015"
CBOE/DVV2007,"DJIA Volatility Index Futures (Delisted), October 2007, DVV2007"
CBOE/VXEWQ2014,"Brazil Volatility Index Futures, August 2014, VXEWQ2014"
CBOE/VRK2009,"Russell 2000 Volatility Index Futures (Delisted), May 2009, VRK2009"
CBOE/VXX2016,"S&P 500 Volatility Index VIX Futures, November 2016, VXX2016"
CBOE/VXTYJ2016,"10-Year Treasury Note Volatility Index (TYVIX) Futures, April 2016, VXTYJ2016"
CBOE/VXEMV2014,"Emerging Markets Volatility Index Futures, October 2014, VXEMV2014"
CBOE/OVM2012,"Crude Oil Volatility Index Futures, June 2012, OVM2012"
CBOE/OVU2012,"Crude Oil Volatility Index Futures, September 2012, OVU2012"
CBOE/VTU2007,"S&P 500 3-Month Variance Futures (Delisted), September 2007, VTU2007"
CBOE/DVX2006,"DJIA Volatility Index Futures (Delisted), November 2006, DVX2006"
CBOE/DVK2007,"DJIA Volatility Index Futures (Delisted), May 2007, DVK2007"
CBOE/GVK2011,"Gold Volatility Index Futures, May 2011, GVK2011"
CBOE/VXEWF2013,"Brazil Volatility Index Futures, January 2013, VXEWF2013"
CBOE/OVX2014,"Crude Oil Volatility Index Futures, November 2014, OVX2014"
CBOE/VNH2014,"Nasdaq-100 Volatility Index VXN Futures, March 2014, VNH2014"
CBOE/VXEWN2014,"Brazil Volatility Index Futures, July 2014, VXEWN2014"
CBOE/GVV2014,"Gold Volatility Index Futures, October 2014, GVV2014"
CBOE/DVZ2006,"DJIA Volatility Index Futures (Delisted), December 2006, DVZ2006"
CBOE/VXQ2012,"S&P 500 Volatility Index VIX Futures, August 2012, VXQ2012"
CBOE/VXV2005,"S&P 500 Volatility Index VIX Futures, October 2005, VXV2005"
CBOE/VXU2010,"S&P 500 Volatility Index VIX Futures, September 2010, VXU2010"
CBOE/VXTYX2015,"10-Year Treasury Note Volatility Index (TYVIX) Futures, November 2015, VXTYX2015"
CBOE/VMK2009,"Volatility Index Mini-VIX Futures, May 2009, VMK2009"
CBOE/VMK2011,"Volatility Index Mini-VIX Futures, May 2011, VMK2011"
CBOE/VXF2014,"S&P 500 Volatility Index VIX Futures, January 2014, VXF2014"
CBOE/VXJ2007,"S&P 500 Volatility Index VIX Futures, April 2007, VXJ2007"
CBOE/VMJ2012,"Volatility Index Mini-VIX Futures, April 2012, VMJ2012"
CBOE/VNZ2013,"Nasdaq-100 Volatility Index VXN Futures, December 2013, VNZ2013"
CBOE/GVH2015,"Gold Volatility Index Futures, March 2015, GVH2015"
CBOE/VRM2009,"Russell 2000 Volatility Index Futures (Delisted), June 2009, VRM2009"
CBOE/DVV2005,"DJIA Volatility Index Futures (Delisted), October 2005, DVV2005"
CBOE/VXF2011,"S&P 500 Volatility Index VIX Futures, January 2011, VXF2011"
CBOE/VXQ2014,"S&P 500 Volatility Index VIX Futures, August 2014, VXQ2014"
CBOE/VXN2014,"S&P 500 Volatility Index VIX Futures, July 2014, VXN2014"
CBOE/VXJ2006,"S&P 500 Volatility Index VIX Futures, April 2006, VXJ2006"
CBOE/VRM2008,"Russell 2000 Volatility Index Futures (Delisted), June 2008, VRM2008"
CBOE/VXJ2010,"S&P 500 Volatility Index VIX Futures, April 2010, VXJ2010"
CBOE/OVH2015,"Crude Oil Volatility Index Futures, March 2015, OVH2015"
CBOE/VNJ2013,"Nasdaq-100 Volatility Index VXN Futures, April 2013, VNJ2013"
CBOE/VNF2014,"Nasdaq-100 Volatility Index VXN Futures, January 2014, VNF2014"
CBOE/VTM2008,"S&P 500 3-Month Variance Futures (Delisted), June 2008, VTM2008"
CBOE/OVF2013,"Crude Oil Volatility Index Futures, January 2013, OVF2013"
CBOE/GVN2014,"Gold Volatility Index Futures, July 2014, GVN2014"
CBOE/VAZ2017,"S&P 500 12-Month Variance Futures (Delisted), December 2017, VAZ2017"
CBOE/VMM2009,"Volatility Index Mini-VIX Futures, June 2009, VMM2009"
CBOE/VNQ2013,"Nasdaq-100 Volatility Index VXN Futures, August 2013, VNQ2013"
CBOE/VXU2013,"S&P 500 Volatility Index VIX Futures, September 2013, VXU2013"
CBOE/VXX2008,"S&P 500 Volatility Index VIX Futures, November 2008, VXX2008"
CBOE/VXH2006,"S&P 500 Volatility Index VIX Futures, March 2006, VXH2006"
CBOE/VXZ2007,"S&P 500 Volatility Index VIX Futures, December 2007, VXZ2007"
CBOE/VXZ2012,"S&P 500 Volatility Index VIX Futures, December 2012, VXZ2012"
CBOE/VXX2014,"S&P 500 Volatility Index VIX Futures, November 2014, VXX2014"
CBOE/VMN2013,"Volatility Index Mini-VIX Futures, July 2013, VMN2013"
CBOE/VXEWN2013,"Brazil Volatility Index Futures, July 2013, VXEWN2013"
CBOE/GVQ2011,"Gold Volatility Index Futures, August 2011, GVQ2011"
CBOE/OVZ2012,"Crude Oil Volatility Index Futures, December 2012, OVZ2012"
CBOE/BXG2007,"S&P 500 BuyWrite Index Futures (Delisted), February 2007, BXG2007"
CBOE/DVF2008,"DJIA Volatility Index Futures (Delisted), January 2008, DVF2008"
CBOE/VXEWH2015,"Brazil Volatility Index Futures, March 2015, VXEWH2015"
CBOE/DVQ2009,"DJIA Volatility Index Futures (Delisted), August 2009, DVQ2009"
CBOE/VXEWJ2012,"Brazil Volatility Index Futures, April 2012, VXEWJ2012"
CBOE/VXTYK2015,"10-Year Treasury Note Volatility Index (TYVIX) Futures, May 2015, VXTYK2015"
CBOE/VMU2012,"Volatility Index Mini-VIX Futures, September 2012, VMU2012"
CBOE/VMF2012,"Volatility Index Mini-VIX Futures, January 2012, VMF2012"
CBOE/VNN2012,"Nasdaq-100 Volatility Index VXN Futures, July 2012, VNN2012"
CBOE/VXEMF2015,"Emerging Markets Volatility Index Futures, January 2015, VXEMF2015"
CBOE/VXEMJ2015,"Emerging Markets Volatility Index Futures, April 2015, VXEMJ2015"
CBOE/GVZ2011,"Gold Volatility Index Futures, December 2011, GVZ2011"
CBOE/GVF2013,"Gold Volatility Index Futures, January 2013, GVF2013"
CBOE/RPXCH2016,"Radar Logic Real Estate Index Futures, March 2016, RPXCH2016"
CBOE/VTH2010,"S&P 500 3-Month Variance Futures (Delisted), March 2010, VTH2010"
CBOE/VRX2009,"Russell 2000 Volatility Index Futures (Delisted), November 2009, VRX2009"
CBOE/DVM2006,"DJIA Volatility Index Futures (Delisted), June 2006, DVM2006"
CBOE/VXK2004,"S&P 500 Volatility Index VIX Futures, May 2004, VXK2004"
CBOE/DVF2006,"DJIA Volatility Index Futures (Delisted), January 2006, DVF2006"
CBOE/VXG2010,"S&P 500 Volatility Index VIX Futures, February 2010, VXG2010"
CBOE/DVJ2006,"DJIA Volatility Index Futures (Delisted), April 2006, DVJ2006"
CBOE/GVM2014,"Gold Volatility Index Futures, June 2014, GVM2014"
CBOE/VXEMM2012,"Emerging Markets Volatility Index Futures, June 2012, VXEMM2012"
CBOE/VXEMN2012,"Emerging Markets Volatility Index Futures, July 2012, VXEMN2012"
CBOE/VNG2008,"Nasdaq-100 Volatility Index VXN Futures, February 2008, VNG2008"
CBOE/GVF2012,"Gold Volatility Index Futures, January 2012, GVF2012"
CBOE/VRG2008,"Russell 2000 Volatility Index Futures (Delisted), February 2008, VRG2008"
CBOE/DVN2009,"DJIA Volatility Index Futures (Delisted), July 2009, DVN2009"
CBOE/VRZ2007,"Russell 2000 Volatility Index Futures (Delisted), December 2007, VRZ2007"
CBOE/VXEMU2013,"Emerging Markets Volatility Index Futures, September 2013, VXEMU2013"
CBOE/GVN2013,"Gold Volatility Index Futures, July 2013, GVN2013"
CBOE/VTU2010,"S&P 500 3-Month Variance Futures (Delisted), September 2010, VTU2010"
CBOE/VXTYU2015,"10-Year Treasury Note Volatility Index (TYVIX) Futures, September 2015, VXTYU2015"
CBOE/VXM2011,"S&P 500 Volatility Index VIX Futures, June 2011, VXM2011"
CBOE/VXEMG2014,"Emerging Markets Volatility Index Futures, February 2014, VXEMG2014"
CBOE/VXTYM2015,"10-Year Treasury Note Volatility Index (TYVIX) Futures, June 2015, VXTYM2015"
CBOE/VXEWJ2013,"Brazil Volatility Index Futures, April 2013, VXEWJ2013"
CBOE/VMH2011,"Volatility Index Mini-VIX Futures, March 2011, VMH2011"
CBOE/GVK2014,"Gold Volatility Index Futures, May 2014, GVK2014"
CBOE/DVV2009,"DJIA Volatility Index Futures (Delisted), October 2009, DVV2009"
CBOE/VMU2009,"Volatility Index Mini-VIX Futures, September 2009, VMU2009"
CBOE/VAZ2014,"S&P 500 12-Month Variance Futures (Delisted), December 2014, VAZ2014"
CBOE/VNF2008,"Nasdaq-100 Volatility Index VXN Futures, January 2008, VNF2008"
CBOE/VMJ2013,"Volatility Index Mini-VIX Futures, April 2013, VMJ2013"
CBOE/VMJ2011,"Volatility Index Mini-VIX Futures, April 2011, VMJ2011"
CBOE/RPXCU2017,"Radar Logic Real Estate Index Futures, September 2017, RPXCU2017"
CBOE/VXN2015,"S&P 500 Volatility Index VIX Futures, July 2015, VXN2015"
CBOE/VRV2008,"Russell 2000 Volatility Index Futures (Delisted), October 2008, VRV2008"
CBOE/VAN2013,"S&P 500 12-Month Variance Futures (Delisted), July 2013, VAN2013"
CBOE/VXU2014,"S&P 500 Volatility Index VIX Futures, September 2014, VXU2014"
CBOE/VXQ2009,"S&P 500 Volatility Index VIX Futures, August 2009, VXQ2009"
CBOE/VNG2013,"Nasdaq-100 Volatility Index VXN Futures, February 2013, VNG2013"
CBOE/VXU2006,"S&P 500 Volatility Index VIX Futures, September 2006, VXU2006"
CBOE/VRF2008,"Russell 2000 Volatility Index Futures (Delisted), January 2008, VRF2008"
CBOE/VNZ2012,"Nasdaq-100 Volatility Index VXN Futures, December 2012, VNZ2012"
CBOE/VTU2005,"S&P 500 3-Month Variance Futures (Delisted), September 2005, VTU2005"
CBOE/VXG2013,"S&P 500 Volatility Index VIX Futures, February 2013, VXG2013"
CBOE/VMN2009,"Volatility Index Mini-VIX Futures, July 2009, VMN2009"
CBOE/VXK2015,"S&P 500 Volatility Index VIX Futures, May 2015, VXK2015"
CBOE/VNF2013,"Nasdaq-100 Volatility Index VXN Futures, January 2013, VNF2013"
CBOE/VXTYN2015,"10-Year Treasury Note Volatility Index (TYVIX) Futures, July 2015, VXTYN2015"
CBOE/VMU2011,"Volatility Index Mini-VIX Futures, September 2011, VMU2011"
CBOE/VXH2007,"S&P 500 Volatility Index VIX Futures, March 2007, VXH2007"
CBOE/VXN2006,"S&P 500 Volatility Index VIX Futures, July 2006, VXN2006"
CBOE/VXQ2013,"S&P 500 Volatility Index VIX Futures, August 2013, VXQ2013"
CBOE/VNM2014,"Nasdaq-100 Volatility Index VXN Futures, June 2014, VNM2014"
CBOE/VXEMH2012,"Emerging Markets Volatility Index Futures, March 2012, VXEMH2012"
CBOE/VRH2009,"Russell 2000 Volatility Index Futures (Delisted), March 2009, VRH2009"
CBOE/GVN2012,"Gold Volatility Index Futures, July 2012, GVN2012"
CBOE/VNH2008,"Nasdaq-100 Volatility Index VXN Futures, March 2008, VNH2008"
CBOE/VXTYQ2016,"10-Year Treasury Note Volatility Index (TYVIX) Futures, August 2016, VXTYQ2016"
CBOE/VXV2006,"S&P 500 Volatility Index VIX Futures, October 2006, VXV2006"
CBOE/VXN2011,"S&P 500 Volatility Index VIX Futures, July 2011, VXN2011"
CBOE/VNJ2015,"Nasdaq-100 Volatility Index VXN Futures, April 2015, VNJ2015"
CBOE/GVG2012,"Gold Volatility Index Futures, February 2012, GVG2012"
CBOE/VXEWV2014,"Brazil Volatility Index Futures, October 2014, VXEWV2014"
CBOE/BXV2007,"S&P 500 BuyWrite Index Futures (Delisted), October 2007, BXV2007"
CBOE/VXH2015,"S&P 500 Volatility Index VIX Futures, March 2015, VXH2015"
CBOE/VXQ2016,"S&P 500 Volatility Index VIX Futures, August 2016, VXQ2016"
CBOE/VXEWX2012,"Brazil Volatility Index Futures, November 2012, VXEWX2012"
CBOE/VRQ2009,"Russell 2000 Volatility Index Futures (Delisted), August 2009, VRQ2009"
CBOE/VAK2015,"S&P 500 12-Month Variance Futures (Delisted), May 2015, VAK2015"
CBOE/VXEWM2014,"Brazil Volatility Index Futures, June 2014, VXEWM2014"
CBOE/VMZ2011,"Volatility Index Mini-VIX Futures, December 2011, VMZ2011"
CBOE/RPXCH2012,"Radar Logic Real Estate Index Futures, March 2012, RPXCH2012"
CBOE/VAH2016,"S&P 500 12-Month Variance Futures (Delisted), March 2016, VAH2016"
CBOE/GVV2012,"Gold Volatility Index Futures, October 2012, GVV2012"
CBOE/VXF2007,"S&P 500 Volatility Index VIX Futures, January 2007, VXF2007"
CBOE/VNF2009,"Nasdaq-100 Volatility Index VXN Futures, January 2009, VNF2009"
CBOE/VNF2015,"Nasdaq-100 Volatility Index VXN Futures, January 2015, VNF2015"
CBOE/VXGDX,Gold Miners ETF Volatility Index
CBOE/VXU2008,"S&P 500 Volatility Index VIX Futures, September 2008, VXU2008"
CBOE/VXN2007,"S&P 500 Volatility Index VIX Futures, July 2007, VXN2007"
CBOE/VMQ2011,"Volatility Index Mini-VIX Futures, August 2011, VMQ2011"
CBOE/VXG2005,"S&P 500 Volatility Index VIX Futures, February 2005, VXG2005"
CBOE/VXEWV2013,"Brazil Volatility Index Futures, October 2013, VXEWV2013"
CBOE/VTU2006,"S&P 500 3-Month Variance Futures (Delisted), September 2006, VTU2006"
CBOE/VRX2007,"Russell 2000 Volatility Index Futures (Delisted), November 2007, VRX2007"
CBOE/VRV2009,"Russell 2000 Volatility Index Futures (Delisted), October 2009, VRV2009"
CBOE/DVN2006,"DJIA Volatility Index Futures (Delisted), July 2006, DVN2006"
CBOE/DVV2006,"DJIA Volatility Index Futures (Delisted), October 2006, DVV2006"
CBOE/VXX2009,"S&P 500 Volatility Index VIX Futures, November 2009, VXX2009"
CBOE/VXG2007,"S&P 500 Volatility Index VIX Futures, February 2007, VXG2007"
CBOE/VXK2010,"S&P 500 Volatility Index VIX Futures, May 2010, VXK2010"
CBOE/VXX2006,"S&P 500 Volatility Index VIX Futures, November 2006, VXX2006"
CBOE/VXZ2006,"S&P 500 Volatility Index VIX Futures, December 2006, VXZ2006"
CBOE/VMK2013,"Volatility Index Mini-VIX Futures, May 2013, VMK2013"
CBOE/VXH2009,"S&P 500 Volatility Index VIX Futures, March 2009, VXH2009"
CBOE/VXM2010,"S&P 500 Volatility Index VIX Futures, June 2010, VXM2010"
CBOE/VXH2012,"S&P 500 Volatility Index VIX Futures, March 2012, VXH2012"
CBOE/VXV2014,"S&P 500 Volatility Index VIX Futures, October 2014, VXV2014"
CBOE/VXJ2015,"S&P 500 Volatility Index VIX Futures, April 2015, VXJ2015"
CBOE/VXTYF2015,"10-Year Treasury Note Volatility Index (TYVIX) Futures, January 2015, VXTYF2015"
CBOE/VMK2010,"Volatility Index Mini-VIX Futures, May 2010, VMK2010"
CBOE/VMV2013,"Volatility Index Mini-VIX Futures, October 2013, VMV2013"
CBOE/VNN2008,"Nasdaq-100 Volatility Index VXN Futures, July 2008, VNN2008"
CBOE/VNV2008,"Nasdaq-100 Volatility Index VXN Futures, October 2008, VNV2008"
CBOE/VNU2013,"Nasdaq-100 Volatility Index VXN Futures, September 2013, VNU2013"
CBOE/VNV2013,"Nasdaq-100 Volatility Index VXN Futures, October 2013, VNV2013"
CBOE/VNM2015,"Nasdaq-100 Volatility Index VXN Futures, June 2015, VNM2015"
CBOE/VXEMG2012,"Emerging Markets Volatility Index Futures, February 2012, VXEMG2012"
CBOE/VXEMX2012,"Emerging Markets Volatility Index Futures, November 2012, VXEMX2012"
CBOE/VXEMJ2013,"Emerging Markets Volatility Index Futures, April 2013, VXEMJ2013"
CBOE/VXEMN2013,"Emerging Markets Volatility Index Futures, July 2013, VXEMN2013"
CBOE/VXEWG2014,"Brazil Volatility Index Futures, February 2014, VXEWG2014"
CBOE/VXEMK2013,"Emerging Markets Volatility Index Futures, May 2013, VXEMK2013"
CBOE/VXEMK2014,"Emerging Markets Volatility Index Futures, May 2014, VXEMK2014"
CBOE/VXEMN2015,"Emerging Markets Volatility Index Futures, July 2015, VXEMN2015"
CBOE/VXEMK2015,"Emerging Markets Volatility Index Futures, May 2015, VXEMK2015"
CBOE/VXEMM2015,"Emerging Markets Volatility Index Futures, June 2015, VXEMM2015"
CBOE/VXEWK2012,"Brazil Volatility Index Futures, May 2012, VXEWK2012"
CBOE/VXEMH2015,"Emerging Markets Volatility Index Futures, March 2015, VXEMH2015"
CBOE/VXEWZ2013,"Brazil Volatility Index Futures, December 2013, VXEWZ2013"
CBOE/GVN2011,"Gold Volatility Index Futures, July 2011, GVN2011"
CBOE/VXEWJ2015,"Brazil Volatility Index Futures, April 2015, VXEWJ2015"
CBOE/VXEWX2014,"Brazil Volatility Index Futures, November 2014, VXEWX2014"
CBOE/GVV2011,"Gold Volatility Index Futures, October 2011, GVV2011"
CBOE/GVU2012,"Gold Volatility Index Futures, September 2012, GVU2012"
CBOE/GVU2013,"Gold Volatility Index Futures, September 2013, GVU2013"
CBOE/OVH2013,"Crude Oil Volatility Index Futures, March 2013, OVH2013"
CBOE/OVQ2013,"Crude Oil Volatility Index Futures, August 2013, OVQ2013"
CBOE/RPXCH2014,"Radar Logic Real Estate Index Futures, March 2014, RPXCH2014"
CBOE/RPXCU2014,"Radar Logic Real Estate Index Futures, September 2014, RPXCU2014"
CBOE/RPXCU2015,"Radar Logic Real Estate Index Futures, September 2015, RPXCU2015"
CBOE/VTZ2004,"S&P 500 3-Month Variance Futures (Delisted), December 2004, VTZ2004"
CBOE/VTH2005,"S&P 500 3-Month Variance Futures (Delisted), March 2005, VTH2005"
CBOE/VTH2011,"S&P 500 3-Month Variance Futures (Delisted), March 2011, VTH2011"
CBOE/VTU2011,"S&P 500 3-Month Variance Futures (Delisted), September 2011, VTU2011"
CBOE/VRF2009,"Russell 2000 Volatility Index Futures (Delisted), January 2009, VRF2009"
CBOE/VRQ2008,"Russell 2000 Volatility Index Futures (Delisted), August 2008, VRQ2008"
CBOE/VAZ2013,"S&P 500 12-Month Variance Futures (Delisted), December 2013, VAZ2013"
CBOE/VAQ2014,"S&P 500 12-Month Variance Futures (Delisted), August 2014, VAQ2014"
CBOE/VAZ2018,"S&P 500 12-Month Variance Futures (Delisted), December 2018, VAZ2018"
CBOE/DVG2006,"DJIA Volatility Index Futures (Delisted), February 2006, DVG2006"
CBOE/VAM2016,"S&P 500 12-Month Variance Futures (Delisted), June 2016, VAM2016"
CBOE/DVG2008,"DJIA Volatility Index Futures (Delisted), February 2008, DVG2008"
CBOE/DVQ2008,"DJIA Volatility Index Futures (Delisted), August 2008, DVQ2008"
CBOE/OVQ2014,"Crude Oil Volatility Index Futures, August 2014, OVQ2014"
CBOE/VXEMQ2014,"Emerging Markets Volatility Index Futures, August 2014, VXEMQ2014"
CBOE/VXK2012,"S&P 500 Volatility Index VIX Futures, May 2012, VXK2012"
CBOE/BXH2007,"S&P 500 BuyWrite Index Futures (Delisted), March 2007, BXH2007"
CBOE/DVX2007,"DJIA Volatility Index Futures (Delisted), November 2007, DVX2007"
CBOE/VXST,Short Term Volatility Index
CBOE/TYVIX,10-Year Treasury Note Volatility Index (TYVIX)
